email,first_name,last_name,company_name,city
contact@oakcityproperties.com,Erin,Poyner,Oak City Properties,Raleigh
teamsouthern@lisasouthern.com,Lisa,Southern,Southern Group Property Management,Raleigh
info@raleighpropmgmt.com,,,Raleigh Property Management,Cary
info@rpmraleigh.com,,,Real Property Management Raleigh,Raleigh
contact@blockrealty.com,,,Block & Associates Realty,Raleigh
info@foursquarenc.com,,,Foursquare Property Management,Raleigh
contact@wpminc.net,,,Wilson Property Management,Raleigh
contact@allcountyprop.com,,,All County Triangle,Cary
info@movezen360.com,,,MoveZen Property Management,Raleigh
contact@henrypropertymanagement.com,,,Henry Property Management,Fuquay-Varina
info@bestpropertymanagementincary.com,,,Above All Property Management,Fuquay-Varina
contact@rpmexcellence.com,,,Real Property Management Excellence,Fuquay-Varina
info@themanagementhouse.net,,,The Management House,Fuquay-Varina
contact@rtppropertiesnc.com,,,RTP Properties NC,Fuquay-Varina
info@lacymanagement.com,,,Lacy Management,Raleigh
contact@mlsullivanpropertymanagement.com,,,MLSullivan Property Management,Apex
info@keyrenterraleigh.com,,,Keyrenter Raleigh,Apex
contact@raynorrealtync.com,,,Raynor Realty,Apex
info@spmtrianglerentals.com,,,SPM Triangle Rentals,Cary
info@www.henrypropertymanagement.com,Henry,"Property Management, LLC","Henry Property Management, LLC",,"Holly Springs, NC",(919) 859-2323,http://www.henrypropertymanagement.com/?tcid=GMB
info@www.denzyproperties.com,Denzy,Properties,Denzy Properties,,"Holly Springs, NC",,https://www.denzyproperties.com/
info@www.southwoodrealty.com,Magnolia,South Apartments,Magnolia South Apartments,,"Holly Springs, NC",(434) 204-8261,https://www.southwoodrealty.com/apartments/nc/holly-springs/magnolia-south/?utm_knock=g
info@www.encore-pm.com,Encore,Properties,Encore Properties,,"Fuquay Varina, NC",(919) 324-3829,http://www.encore-pm.com/
info@raleighdurhamrentals.com,Element,Property Management,Element Property Management,,"Apex, NC",(919) 628-2524,https://raleighdurhamrentals.com/
